No.,ISBN-13,Title
1,9781799516620,Batman: Legends of the Dark Knight Omnibus Vol. 1
2,9781799513162,DC Finest: Batman: Blind Justice
3,9781779506610,Road to No Man's Land Omnibus
4,9781779525864,Nightwing: A Knight in Blüdhaven Compendium One
5,9781799501480,Nightwing: A Knight in Blüdhaven Compendium Two
6,9781799508120,Nightwing: A Knight in Blüdhaven Compendium Three
7,9781799515302,Nightwing: A Knight in Blüdhaven Compendium Four
8,9781799501398,Red Hood & the Outlaws: The New 52 Omnibus Vol. 1 (2025 Edition)
9,9781799516453,Red Hood & the Outlaws: The New 52 Omnibus Vol. 2
10,9781799508236,Detective Comics: The New 52 Omnibus Vol. 2
11,9781799501312,Nightwing: The Prince of Gotham Omnibus (2025 Edition)
12,9781779517326,Grayson The Superspy Omnibus (2022 Edition)
13,9781779525895,Batman: Black Mirror The Deluxe Edition
14,9781779523037,Batman & Robin Eternal Omnibus
15,9781779506658,Rise and Fall of the Batmen Omnibus
16,9781799501169,Nightwing: Rebirth Omnibus
17,9781799507369,Batman by James Tynion IV Omnibus Vol. 2
18,9781779521255,Batman: Detective Comics by Peter J. Tomasi Omnibus
19,9781799502401,Batman: Detective Comics by Mariko Tamaki Omnibus
20,9781799508038,Batman: Urban Legends Omnibus Vol. 1
21,9781799502197,Nightwing by Tom Taylor and Bruno Redondo Omnibus Vol. 1
22,9781799508502,Nightwing by Tom Taylor and Bruno Redondo Omnibus Vol. 2
23,9781799507819,Batman by Chip Zdarsky Omnibus Vol. 1
24,9781799516491,Batman by Chip Zdarsky Omnibus Vol. 2
25,9781799509066,Batman: Detective Comics by Ram V Omnibus
26,9781799507826,Legends Omnibus
27,9781779502964,Justice League International Omnibus Vol. 2
28,9781779525642,Justice League International Omnibus Vol. 3
29,9781799509257,JLA by Mark Waid Omnibus
30,9781799506430,Justice League by Scott Snyder and James Tynion IV Omnibus Vol. 2
31,9781779513137,Justice League Dark: The New 52 Omnibus
32,9781779525888,Justice League Dark: Rebirth Omnibus
33,9781779526304,Zero Hour
34,9781779515438,52 Omnibus
35,9781779517036,Dark Nights: Metal Omnibus
36,9781779506054,Doomsday Clock: The Complete Collection
37,9781401291426,Heroes in Crisis
38,9781799508243,Dark Crisis on Infinite Earths Omnibus
39,9781799501374,Knight Terrors Omnibus
40,9781799509097,Absolute Power Omnibus
41,9781779525734,Green Lantern/Green Arrow: Hard Traveling Heroes Omnibus
42,9781799510291,DC Finest: Green Lantern: Setting Up Shop
43,9781779527523,Green Lantern Corps by Peter J. Tomasi and Patrick Gleason Omnibus Vol. 2
44,9781799501763,Red Lanterns: The New 52 Omnibus
45,9781799509769,Hal Jordan and the Green Lantern Corps by Robert Venditti Omnibus Vol. 1
46,9781799510758,Hal Jordan and the Green Lantern Corps by Robert Venditti Omnibus Vol. 2
47,9781799516576,The Green Lantern by Grant Morrison and Liam Sharp Omnibus
48,9781799513940,Green Arrow: Year One: The Deluxe Edition (2027 Edition)
49,9781779529916,DC Finest: Green Arrow: The Longbow Hunters
50,9781799510246,DC Finest: Green Arrow: The Trial of Oliver Queen
51,9781799500681,Green Arrow: Archer's Quest Omnibus Vol. 1
52,9781799516446,Green Arrow: Archer's Quest Omnibus Vol. 2
53,9781799508007,Green Arrow by Jeff Lemire and Andrea Sorrentino: The Deluxe Edition (New Edition)
54,9781779529527,Superman: Exile and Other Stories Omnibus
55,9781799508229,Superman: Brainiac Reborn Omnibus
56,9781799502777,Superman: The Triangle Era Omnibus Vol. 2
57,9781799508762,Superman: The Triangle Era Omnibus Vol. 3
58,9781799503217,Superman: Our Worlds at War Omnibus Vol. 1: Prelude to War!
59,9781799509585,Superman: Our Worlds at War Omnibus Vol. 2: All-Out War!
60,9781779526069,Superman by Kurt Busiek Book One
61,9781799502241,Superman by Kurt Busiek Book Two
62,9781799507376,Superman: New Krypton Saga Omnibus Vol. 1
63,9781779526236,Superman Unchained: The Deluxe Edition (2023 Edition)
64,9781799505112,Superman: Action Comics by Dan Jurgens Omnibus Vol. 1
65,9781799508533,Superman: Action Comics by Dan Jurgens Omnibus Vol. 2
66,9781779524065,Super Sons Omnibus Super Duper Edition
67,9781799502029,Superman by Phillip Kennedy Johnson Omnibus Vol. 1
68,9781799516422,Superman by Phillip Kennedy Johnson Omnibus Vol. 2
69,9781779528414,Flash by Mark Waid Omnibus Vol. 2
70,9781799507352,Flash by Mark Waid Omnibus Vol. 3
71,9781799507833,The Flash: The Road to Rebirth Omnibus
72,9781779526984,Flash by Joshua Williamson Omnibus Vol. 1
73,9781799508540,The Flash by Joshua Williamson Omnibus Vol. 3
74,9781799507635,New Teen Titans Omnibus Vol. 2 (2026 Edition)
75,9781799509776,New Teen Titans Omnibus Vol. 3 (New Edition)
76,9781799516521,New Teen Titans Omnibus Vol. 4 (2027 Edition)
77,9781799508731,The New Titans Omnibus Vol. 1
78,9781799516583,The New Titans Omnibus Vol. 2
79,9781779515452,Teen Titans by Geoff Johns Omnibus
80,9781799507925,Teen Titans by Geoff Johns Compendium One
81,9781799515272,Teen Titans by Geoff Johns Compendium Two
82,9781799507383,Titans by Tom Taylor Omnibus
83,9781799502746,Elseworlds: Batman Omnibus Vol. 1
84,9781799502456,Elseworlds: Superman Omnibus Vol. 1
85,9781799503170,Elseworlds: Justice League Omnibus Vol. 1
86,9781799516439,Elseworlds: Superman Omnibus Vol. 2
87,9781401294984,Injustice: Gods Among Us Omnibus Vol. 1
88,9781779504685,Injustice: Gods Among Us Omnibus Vol. 2
89,9781799501466,Injustice 2 Omnibus
90,9781799501855,DCeased Omnibus
